{"/Jr/TcVaSFM7l7ZQR+UzLA==":"pit%20logo-1-122x127.png","NwEjvYYFqVXGYEkUAIAjVw==":"pit%20logo-1-122x127.png","kDbvVP69lqBwDp306nCPwA==":"g%20v%20peniel-1014x433.png","Rc0vLcRaKx70SxPaJEZoAw==":"g%20v%20peniel-1014x433.png","qsOZiQ7jiY2vwq7AEFLVNA==":"black-college-students-2014-2000x1333.jpg","ixms0kBnpo8DZbXUccl1mg==":"day-7-weekly-inspiration-800x533.png","TZpcne1jPU6bMg0sCNTZqQ==":"day-7-weekly-inspiration-1-800x533.png","VFxJo/PwnPSW0SorK97XXg==":"day-7-weekly-inspiration-348x474.png","mheIrCScfiDT8Z5x5PGWig==":"background-1440x831.png","PO1SvEQSq7G9drgdZj4N/g==":"background-1-1440x831.png","H8TIIS9lTMKCsB7AWATw4Q==":"bel%20timoun-356x504.png","fXaYEn+0Rpsnxv9CxnFiUw==":"pit%20logo-132x114.png","/WgTeO6uOtJseIGoWZcpoQ==":"icons-607x386.png","dg5Z5yHdUizbtnGa1VHXAg==":"icons-1-607x386.png","Y7qzHKf7JI22L/hECgXo0Q==":"scene%20wireframe-798x745.png","WXHzuF3xVLGvq9eo/Y7YOA==":"young%20nigga%20transparent-291x363.png","aP//kZDoAgn8gCG/cM0GbA==":"male%20nigga-534x673.png","IAilj7N0Vr+Yf1eajyRibQ==":"bel%20timoun%201-462x517.png","3K11vqWXtXFC9Dxmq/qq/A==":"young%20nigga%20with%20circles-425x365.png","XRUNaV8XM2H64KHZAAkPRw==":"young%20nigga%20on%20the%20grass%20web-509x382.png","rlJ+FhCIegps1tmERNdtfw==":"young%20nigga%20on%20the%20grass%20web-646x564.png","bIPcD/SI0SeXXiVNk2tq9Q==":"young%20nigga%20on%20the%20grass%20web-646x564.png","mhjaNwOcGeV6r5odNF/mYw==":"student%20working-1368x1081.png","RQpvz75XcCLhHFxcnESSKQ==":"background%20fliped-1440x946.png","oLaNNi1q1BFuwhTtJScvdg==":"background%20fliped-1412x946.png","1pCK18Xv0YK3/sP8BN1QZw==":"student%20working-950x751.png","76CxWZowzTX7URwl2mzjoA==":"background%20short-1412x946.png","Tguu9Xa9G2ti5xTuRugh5Q==":"background%20short-1412x946.png","lEu9nIjPrfU0jNtqlhwZJw==":"nice%20students-1288x653.png","XGcWfECV+cSXuGm/QEg65A==":"two%20bitches-1029x760.png","qWHkBWyRX/71H2+F9VOfcQ==":"fullsizeoutput_68f-510x765.jpg","0dd0fe8610OlbGYDHHjrUw==":"fullsizeoutput_64f-510x765.jpg","dQTmQp2wKRJXX5O6qpdbgw==":"manmie-321x363.png","aj9aRZhs2Z5flRGrzOW0YQ==":"manmie-1-321x363.png","LfmvTv6ijloMLBX+LGmT+A==":"esdras%20gv%20peniel-321x361.png","6Ojy0KXosNYHBL6mForeeQ==":"boss%20manmie%20web-321x361.png","teKNJqUjLV7SpTLBKVabzQ==":"boss%20olrich-321x361.png","TVSw7njw3QCNsHdqCAgrkA==":"best%20mr%20estima-321x361.png","tEdZoppIGSzbfse5v5fGGw==":"two%20bitches-1029x760.png","Vf95nIsULAouGlxYJ1NjPQ==":"young%20entrepreneur-646x564.png","xjiV9Y4KiNArnnTV4iw4XQ==":"young%20entrepreneur-646x564.png","PUeYNg0XYZgrDlS9HZQWgA==":"background%20plan-1222x499.png","ciBELBmDwB3cj9TFUJmxSw==":"nice%20students-1046x530.png","lxqpoOJYwG8dTXu+JAE1RQ==":"scene%20wireframe-798x745.png","PSZx7WCZ90L0HGYcV3D8LQ==":"pit%20logo-798x690.png","Pex8w80dgnzV/oUK3Ff4tA==":"two%20bitches%202-1029x967.png","ueuUNw5SYTYSq/iuecZR9g==":"two%20bitches%202-1029x967.png","lgjaE1pfMZO7SHv+1c1Tzg==":"pit%20logo-122x105.png","P5yTBmgjD3mrBB7kQjoGsQ==":"two%20bitches%202-1029x967.png","N/tLz1on03MzVh7+PW26EQ==":"our%20students-646x564.png","pcFJkjOm2aPi1UY3RHknGQ==":"projections-800x679.png","T0+ljJnxCsoXgyXCkKULmA==":"our%20projections-1036x719.png","RPEqW5a7SXWZ/o6v5/t1Yw==":"our%20projections%203-1002x743.png","pvaqYmbFHYzZyWg6wjN0lw==":"our%20projections2-1002x762.png","jaVRoBa9uqWyW8gFEjmstg==":"our%20projections%204-1002x764.png","5reDl+4YFHnLYPG8oR5BgA==":"our%20projections%205-997x779.png","NBeRvGcH5uJp6ycGjhXatA==":"background4.jpg","4+DzqXFpj/z2AIwVP9lcYQ==":"background5.jpg","NABkP9i4t4mIGSpFn73WIA==":"background1.jpg"}